"Debt Holders",Date,Jul 2012,Jun 2012*,May 2012*,Apr 2012*,Mar 2012*,Feb 2012*,Jan 2012*,Dec 2011*,Nov 2011,Oct 2011,Sep 2011*,Aug 2011,Jul 2011,Jun 2011,May 2011,Apr 2011,Mar 2011,Feb 2011,Jan 2011,Dec 2010,Nov 2010,Oct 2010,Sep 2010,Aug 2010,Jul 2010,Jun 2010,Jun 2010,May 2010,Apr 2010,Mar 2010,Feb 2010,Jan 2010,Dec 2009,Nov 2009,Oct 2009,Sep 2009,Aug 2009,Jul 2009,Jun 2009,May 2009,Apr 2009,Mar 2009,Feb 2009,Jan 2009,Dec 2008,Nov 2008,Oct 2008,Sep 2008,Aug 2008,Jul 2008,Jun 2008,Jun 2008,May 2008,Apr 2008,Mar 2008,Feb 2008,Jan 2008,Dec 2007,Nov 2007,Oct 2007,Sep 2007,Aug 2007,Jul 2007,Jun 2007,Jun 2007,May 2007,Apr 2007,Mar 2007,Feb 2007,Jan 2007,Dec 2006,Nov 2006,Oct 2006,Sep 2006,Aug 2006,Jul 2006,Jun 2006,Jun 2006,Jun 2006,May 2006,Apr 2006,Mar 2006,Feb 2006,Jan 2006,Dec 2005,Nov 2005,Oct 2005,Sep 2005,Aug 2005,Jul 2005,Jun 2005,Jun 2005,May 2005,Apr 2005,Mar 2005,Feb 2005,Jan 2005,Dec 2004,Nov 2004,Oct 2004,Sep 2004,Aug 2004,Jul 2004,Jun 2004,Jun 2004,May 2004,Apr 2004,Mar 2004,Feb 2004,Jan 2004,Dec 2003,Nov 2003,Oct 2003,Sep 2003,Aug 2003,Jul 2003,Jun 2003,Jun 2003,May 2003,Apr 2003,Mar 2003,Feb 2003,Jan 2003,Dec 2002,Nov 2002,Oct 2002,Sep 2002,Aug 2002,Jul 2002,Jun 2002,Jun 2002,May 2002,Apr 2002,Mar 2002,Feb 2002,Jan 2002,Dec 2001,Nov 2001,Oct 2001,Sep 2001,Aug 2001,Jul 2001,Jun 2001,May 2001,Apr 2001,Mar 2001,Feb 2001,Jan 2001,Dec 2000,Nov 2000,Oct 2000,Sep 2000,Aug 2000,Jul 2000,Jun 2000,May 2000,Apr 2000,Mar 2000,Mar 2000
"China, Mainland",CN,"1149.60","1,147.00","1,164.00","1,164.40","1,144.00","1,155.20","1,166.20","1,151.90","1,254.50","1,256.00","1,270.20","1,278.50","1,314.90","1,307.00","1,159.80","1,152.50","1,144.90","1,154.10","1,154.70","1,160.10","1,164.10","1,175.30","1,151.90","1,136.80","1,115.10","1,112.10",843.70,867.70,900.20,895.20,877.50,889.00,894.80,929.00,938.30,938.30,936.50,939.90,915.80,801.50,763.50,767.90,744.20,739.60,727.40,713.20,684.10,618.20,573.70,550.00,535.10,503.80,506.80,502.00,490.60,486.90,492.60,477.60,458.90,459.10,467.70,471.20,480.00,477.30,405.20,407.50,414.20,420.00,416.00,401.00,396.90,393.80,392.20,389.70,386.50,378.20,372.30,328.00,328.00,324.50,321.10,319.20,318.40,313.90,310.00,303.90,301.70,306.30,302.10,296.40,298.00,243.30,243.10,240.20,223.70,224.90,223.50,222.90,220.20,214.80,209.40,201.60,196.40,194.30,166.60,165.80,163.90,158.70,155.00,157.60,159.00,154.20,151.50,147.10,148.80,151.30,147.10,137.20,135.80,134.00,133.20,121.80,120.70,118.40,112.40,106.50,104.70,102.30,96.90,96.50,81.00,81.30,82.40,84.50,76.50,77.50,78.60,77.90,72.30,72.00,73.40,74.20,72.70,69.20,69.20,69.80,63.70,61.50,60.30,58.90,59.50,62.10,62.60,66.40,67.50,72.50,71.70,71.40,59.40
Japan,JP,"1117.10","1,110.10","1,108.90","1,089.80","1,082.50","1,090.60","1,082.80","1,058.00","1,066.00","1,006.10",983.90,907.00,885.20,881.50,912.40,906.70,908.10,890.40,886.00,882.30,875.90,873.60,860.80,832.50,817.30,799.90,801.20,784.80,793.80,783.30,768.20,765.20,765.70,754.30,742.90,747.90,727.50,720.90,708.20,677.20,685.90,686.70,661.90,634.80,626.00,625.20,629.60,617.50,630.30,637.60,628.00,580.40,575.30,588.80,597.40,583.30,585.60,581.20,590.90,601.70,591.90,595.80,620.60,622.90,612.90,615.00,614.60,611.40,616.40,627.20,622.90,615.90,618.10,618.10,623.50,614.90,614.70,635.40,635.40,636.10,639.40,639.00,656.40,653.40,670.00,667.90,667.60,672.80,670.00,669.40,667.10,681.20,686.80,688.20,681.60,680.80,679.50,689.90,693.10,692.30,698.90,699.40,675.40,666.60,688.40,666.40,651.80,645.30,613.20,582.60,550.80,531.10,507.70,491.20,471.40,463.10,461.00,453.10,441.40,401.80,399.30,391.10,385.00,378.10,374.90,373.10,373.80,364.60,361.80,349.20,335.80,317.80,314.60,312.60,311.90,310.60,317.90,315.40,314.50,292.90,293.10,295.30,300.80,306.70,305.90,307.10,312.50,312.30,317.70,321.70,317.70,317.30,317.80,319.60,318.80,319.40,322.40,307.60,325.80
Oil Exporters,1,262.30,268.20,258.40,259.90,260.00,267.60,267.50,261.10,254.20,248.40,252.10,245.80,244.00,242.60,230.00,221.60,222.50,219.00,215.50,211.90,204.30,207.80,215.40,211.70,209.30,210.20,216.30,228.60,232.90,223.40,211.90,211.90,201.10,202.60,204.90,201.30,209.80,209.90,211.80,192.90,189.60,192.00,181.80,186.60,186.20,187.20,176.70,171.20,169.60,162.90,159.50,170.30,164.20,153.80,150.70,146.10,140.80,137.90,138.70,141.60,137.10,134.70,134.70,133.20,122.10,121.10,112.00,112.50,110.50,111.70,110.20,106.40,107.20,113.70,116.60,112.40,110.80,101.90,101.90,103.00,99.70,98.10,96.20,89.40,78.20,79.30,75.40,66.10,65.20,64.10,68.50,57.20,62.80,60.80,62.50,67.70,67.10,62.10,63.00,62.00,57.30,51.50,56.80,53.80,51.90,46.10,45.40,43.50,41.60,43.90,42.60,42.80,40.40,40.40,41.10,39.40,38.00,39.80,39.50,40.90,42.40,42.30,47.70,49.60,52.90,52.20,51.70,52.40,53.00,52.30,44.90,45.60,44.60,44.30,44.70,45.20,46.80,45.30,42.40,42.70,44.50,43.90,43.40,43.20,44.40,45.90,47.80,48.50,47.70,48.40,48.00,46.80,47.80,47.40,45.90,43.10,43.60,43.90,46.40
Brazil,BR,253.00,244.30,245.80,245.90,238.10,228.40,228.20,226.90,226.60,229.40,226.40,219.20,219.10,216.20,211.40,206.90,193.50,194.30,191.20,186.10,189.80,183.00,181.00,170.50,167.70,163.80,158.50,161.50,164.40,164.50,170.90,169.00,169.20,165.80,164.90,153.60,146.00,146.80,148.50,127.10,126.00,126.60,130.90,133.50,127.00,136.10,141.00,148.30,152.60,154.80,158.00,151.60,151.40,149.50,149.10,146.60,141.70,129.90,121.70,113.90,110.50,107.70,105.80,94.80,93.70,81.60,79.70,69.70,60.70,53.70,52.10,51.00,46.40,44.90,43.10,31.70,33.30,33.40,33.40,32.90,30.80,31.40,33.30,30.10,28.70,28.80,27.10,27.50,25.00,24.50,22.10,20.90,17.00,16.40,14.80,13.70,14.00,15.20,15.50,15.70,16.40,16.90,16.90,13.90,12.10,12.10,12.20,13.10,11.30,10.70,11.80,11.20,11.70,11.30,12.60,11.70,12.10,15.90,15.70,14.20,14.40,13.50,13.00,12.70,13.00,12.40,12.10,10.90,11.20,11.30,11.00,10.80,10.40,10.80,10.10,10.90,,,,,,,,,,,,,,,,,,,,,,,
Carib Bnkng Ctrs,3,246.20,244.20,243.00,237.30,234.30,231.70,223.50,226.20,222.20,212.10,209.70,210.40,177.90,196.30,154.00,140.80,155.40,168.60,165.30,168.40,158.80,146.30,157.80,172.80,164.30,179.00,166.00,166.40,153.30,148.30,144.40,143.70,128.20,123.20,114.10,116.60,125.30,138.80,135.50,195.30,205.30,214.20,189.60,177.10,197.90,205.30,203.80,169.30,133.00,117.60,106.60,122.40,104.50,117.40,108.70,104.00,109.20,116.40,107.40,105.60,99.10,103.80,70.70,78.20,42.80,47.20,75.60,79.90,65.60,68.00,72.30,86.70,72.50,69.60,79.90,85.80,73.70,69.70,69.70,65.20,57.10,62.70,51.10,63.10,77.20,81.20,75.00,68.30,67.40,65.20,70.90,66.90,87.20,112.80,121.10,86.30,76.40,51.10,60.90,80.40,82.40,79.10,77.30,82.00,103.90,75.70,60.20,61.70,51.00,47.30,47.30,40.80,38.00,48.90,52.40,55.10,48.10,63.60,72.30,60.30,62.10,50.10,48.20,50.30,44.80,45.80,40.60,33.00,43.10,34.60,40.30,31.70,23.70,27.60,30.40,31.90,27.60,33.10,24.30,23.40,23.40,18.10,18.30,19.20,20.60,24.60,28.00,24.90,37.40,36.30,39.20,33.90,37.40,37.50,38.40,41.00,43.80,41.40,56.50
Taiwan,TW,196.10,196.40,190.00,187.30,190.10,183.70,178.40,177.30,166.90,167.40,166.60,143.50,147.60,146.60,153.50,154.60,156.10,156.00,157.30,155.10,154.40,154.50,153.30,153.40,153.80,151.90,128.60,126.20,126.90,124.80,121.40,119.60,116.50,115.40,115.60,115.10,112.90,114.40,114.00,75.70,78.30,74.80,72.60,73.30,71.80,70.20,65.90,63.00,66.20,67.90,66.50,39.60,38.90,42.20,40.80,38.40,38.90,38.20,37.10,40.70,39.90,39.50,44.60,44.70,57.50,57.40,59.20,58.10,57.50,59.30,59.40,59.50,60.80,61.30,61.90,63.00,63.40,67.10,67.10,67.50,68.90,68.90,68.90,68.70,68.10,68.30,68.90,68.90,68.40,68.80,67.80,71.30,71.00,70.70,71.50,68.70,68.40,67.90,67.10,66.60,66.50,65.50,66.80,67.00,57.50,56.80,56.30,54.40,55.30,52.60,50.90,50.50,48.00,47.90,46.30,45.00,43.00,37.80,36.00,35.80,37.30,36.90,37.40,37.40,37.50,37.20,37.20,38.70,38.90,36.70,33.90,32.90,31.90,33.30,32.90,33.80,35.30,34.70,35.10,35.80,35.00,33.90,34.90,34.90,35.30,35.50,35.40,34.50,33.40,33.20,34.40,38.10,39.80,41.10,41.90,42.10,44.00,43.60,29.40
Switzerland,CH,190.10,171.80,154.90,150.10,150.50,145.30,146.40,142.30,126.10,143.90,158.20,157.60,118.50,118.10,108.30,106.20,108.80,107.70,106.10,106.80,106.80,107.60,110.00,113.00,111.80,106.50,100.10,84.40,80.00,78.80,81.80,84.40,89.70,89.60,85.30,82.70,82.00,81.90,85.70,63.70,64.20,67.70,68.20,62.10,62.30,63.80,62.00,49.70,45.90,45.70,45.10,44.30,41.90,42.40,41.20,39.40,39.20,38.90,38.10,37.80,37.00,37.40,37.20,38.30,32.20,31.90,32.30,32.90,32.70,33.70,34.30,35.60,36.90,37.00,38.10,38.20,37.80,30.60,30.60,30.50,31.10,30.90,31.20,30.40,30.80,30.70,32.60,32.00,32.90,32.30,34.90,39.50,41.60,43.10,43.70,44.10,40.60,41.70,41.50,41.90,39.70,40.00,39.20,40.80,49.70,48.80,50.80,48.30,48.00,44.80,46.10,46.50,44.70,44.80,44.00,41.80,41.10,34.60,32.80,34.50,35.30,34.10,34.50,34.00,38.30,34.60,35.40,34.20,35.00,33.40,19.60,19.00,18.60,21.30,18.10,18.40,18.70,17.60,17.80,17.10,16.60,16.40,16.10,16.10,17.30,17.20,17.50,17.10,16.40,16.90,17.40,17.80,18.60,19.20,20.60,23.20,23.60,24.30,21.40
Russia,RU,154.30,163.80,156.30,155.40,151.10,144.80,145.70,149.50,145.10,147.50,149.90,138.10,141.70,151.70,115.20,125.40,127.80,130.50,139.30,151.00,167.30,176.30,173.30,173.70,175.70,168.20,123.40,126.80,113.10,120.10,120.20,124.20,141.80,151.40,145.90,145.10,144.90,141.30,143.30,124.50,137.00,138.40,130.10,119.60,116.40,108.00,110.80,99.60,104.20,104.00,95.20,65.30,63.70,60.20,42.40,38.40,35.20,32.70,33.50,33.60,31.80,31.90,35.90,33.50,14.70,11.80,7.70,7.40,8.10,8.50,,,,,,,,,,,,,,,,,,,,,,,,,,,,,,,,,,,,,,,,,,,,,,,,,,,,,,,,,,,,,,,,,,,,,,,,,,,,,,,,,,,,,,,,,
Belgium,BE,144.20,144.50,132.00,132.30,141.60,125.10,131.40,135.20,133.20,132.40,132.10,87.10,86.60,88.80,31.40,31.60,32.20,31.90,32.10,33.20,33.40,33.40,33.80,51.90,34.30,34.80,17.20,17.60,18.50,17.10,17.00,17.40,17.30,17.40,16.90,17.20,17.70,17.80,17.90,15.70,15.80,15.40,14.50,15.60,15.90,15.30,15.80,15.40,14.80,15.00,15.40,12.40,12.40,12.50,12.80,13.20,13.10,13.20,14.20,14.60,14.60,14.60,15.40,15.20,11.90,12.10,12.90,12.30,12.90,12.30,13.60,13.00,13.30,13.80,14.50,15.10,13.70,16.80,16.80,17.20,17.40,17.10,17.20,16.70,17.00,15.60,15.40,15.70,15.80,15.60,15.40,15.90,15.80,15.70,15.30,16.70,16.80,17.00,16.80,16.00,15.90,15.80,16.00,16.40,16.10,13.60,13.20,12.70,12.90,14.50,14.40,15.20,14.60,14.20,14.20,12.50,12.00,12.20,12.20,12.30,12.20,15.00,16.60,13.00,13.20,12.80,13.20,13.30,11.60,11.30,22.90,21.70,21.80,22.40,21.20,21.80,,,,,,,,,,,,,29.60,24.30,23.40,23.30,24.60,25.00,25.20,25.30,26.10,27.10,26.40
United Kingdom,GB,140.90,137.80,136.20,135.80,125.30,118.00,115.50,113.70,124.70,106.50,116.90,181.20,141.00,135.70,344.50,333.20,326.20,296.70,277.60,270.40,242.50,209.00,190.50,181.00,107.20,94.50,363.60,350.70,321.10,279.00,233.50,208.30,180.30,155.50,108.10,126.80,104.30,97.10,90.80,163.90,152.80,128.30,129.60,124.10,131.10,133.00,134.10,115.70,82.70,66.20,55.30,279.30,271.40,247.10,200.50,180.60,161.90,158.10,174.30,155.00,120.30,99.80,67.30,50.00,192.20,169.50,135.40,147.90,121.60,104.00,92.60,76.10,61.70,61.60,54.70,44.30,55.50,200.90,200.90,174.20,166.20,179.20,162.40,157.20,146.00,135.50,100.30,95.80,87.20,73.20,58.80,140.80,126.40,119.00,116.00,104.10,94.20,95.80,84.50,66.40,62.00,61.40,57.30,53.50,119.30,113.40,113.20,98.30,94.50,91.20,82.20,77.90,77.00,72.30,83.70,78.40,56.10,89.50,79.00,77.80,81.60,75.90,81.10,80.80,82.50,80.60,76.60,69.70,64.70,53.20,83.60,75.60,64.70,65.60,53.90,46.20,45.00,42.50,49.40,41.50,40.00,44.00,51.60,55.20,53.80,58.40,48.40,47.80,50.20,54.50,60.40,64.30,66.40,63.10,68.10,77.50,77.70,78.60,235.70
Hong Kong,HK,136.70,136.00,143.80,145.00,140.30,141.80,134.30,121.70,107.90,113.30,111.60,102.00,105.90,112.40,121.60,121.90,121.60,123.90,127.60,134.20,134.90,135.20,131.90,133.90,131.20,137.00,141.00,145.70,151.80,150.90,152.40,146.60,148.70,142.10,137.80,128.00,120.50,111.10,95.70,93.20,80.90,78.90,76.30,71.70,77.20,70.60,69.80,65.50,65.80,65.20,65.80,61.20,61.40,63.10,60.50,57.50,54.40,51.20,51.70,51.30,52.60,53.20,55.90,57.30,60.50,58.60,56.30,58.50,57.30,54.60,54.00,51.10,50.60,49.70,50.70,48.90,48.80,48.80,48.80,48.50,49.50,46.60,44.90,44.60,40.30,42.80,44.00,44.40,43.60,44.70,44.50,48.70,48.00,47.60,45.50,45.40,45.30,45.10,42.40,43.30,43.00,42.80,43.90,45.80,53.70,53.70,53.60,52.00,54.00,55.00,50.00,47.50,43.90,42.50,44.00,42.30,43.00,50.50,48.70,51.40,48.90,48.80,50.10,47.50,49.00,46.80,45.30,48.00,44.10,42.90,43.50,43.60,43.50,47.10,47.30,46.20,47.70,42.90,39.30,45.60,42.10,43.30,41.90,39.70,38.50,41.00,39.50,39.10,38.60,37.90,38.70,37.40,38.00,38.30,38.60,38.60,38.30,39.20,45.30
Luxembourg,LU,128.30,138.30,130.90,130.00,140.00,140.90,140.00,147.60,127.10,126.50,127.90,114.70,114.10,121.70,66.70,76.20,79.80,77.20,79.10,86.40,81.90,78.50,86.10,79.00,98.90,97.60,96.60,75.60,76.90,83.90,77.80,79.10,88.40,80.20,79.50,87.50,83.00,80.80,92.90,96.20,97.40,106.00,92.10,87.00,97.30,94.20,100.60,104.50,90.40,89.70,102.60,83.20,75.20,81.80,89.80,80.30,66.10,69.70,68.30,63.30,58.40,57.10,57.60,55.90,62.60,62.20,61.80,61.80,59.80,59.40,60.00,60.50,59.50,58.70,58.40,59.40,58.80,37.40,37.40,38.40,37.50,36.60,36.20,35.20,35.60,36.60,36.70,37.60,38.20,36.90,38.80,43.50,45.00,45.80,42.80,43.20,41.90,41.40,40.50,40.30,39.60,39.70,39.60,39.70,27.10,25.50,26.20,27.80,27.70,26.10,25.40,25.80,25.70,26.20,26.80,26.20,25.20,23.60,23.50,23.90,23.60,23.40,23.10,23.90,23.70,23.30,23.80,22.80,22.90,23.10,n.a.,n.a.,n.a.,n.a.,n.a.,n.a.,,,,,,,,,,,,,,,,,,,,,,,
Singapore,SG,92.70,86.90,83.10,82.50,84.70,84.60,74.80,75.10,70.00,70.70,70.50,61.00,65.70,64.40,57.10,59.80,55.10,65.10,55.80,72.90,62.20,66.40,56.70,55.40,55.30,53.30,50.50,40.60,42.40,45.50,42.60,41.30,39.20,37.50,36.30,39.40,43.10,43.40,41.90,39.70,39.80,39.20,39.50,38.50,40.90,38.90,34.10,32.20,31.90,32.80,31.70,30.30,30.60,33.50,33.30,33.50,38.60,39.80,40.20,38.80,36.60,37.80,36.30,36.00,33.00,34.40,32.10,28.80,31.20,29.90,31.30,30.90,31.10,34.00,34.70,35.00,35.20,34.90,34.90,35.90,36.80,33.20,33.60,32.90,33.00,33.40,33.90,33.90,34.20,34.10,34.40,29.90,31.30,30.90,31.30,29.60,30.10,30.40,30.50,28.50,26.20,28.30,28.50,29.40,26.90,26.10,26.90,26.60,25.60,23.00,21.20,22.50,22.90,23.40,24.60,24.00,23.70,20.20,18.50,19.40,18.50,17.80,17.30,17.80,18.00,19.60,19.70,19.40,20.40,20.00,20.40,19.10,19.40,18.00,19.50,19.00,20.00,20.50,21.30,19.80,19.80,19.70,19.70,20.20,23.30,24.10,26.00,26.20,27.90,28.40,29.70,31.50,33.80,34.50,34.00,32.80,33.20,35.20,30.90
Ireland,IE,88.20,91.30,93.90,95.10,94.20,96.00,86.10,97.60,69.60,66.20,62.40,51.40,52.20,53.90,33.50,40.00,43.80,41.80,44.20,45.80,50.00,48.90,51.50,49.50,51.10,55.70,48.30,48.00,45.70,43.30,38.70,39.20,43.60,43.10,42.60,37.00,40.80,42.90,50.60,50.60,49.70,54.70,54.50,50.00,54.30,41.30,35.10,32.90,18.90,16.90,19.90,13.90,15.60,18.30,17.60,15.40,15.60,18.70,17.50,17.00,16.30,16.80,15.60,15.80,12.00,12.00,8.50,11.70,12.50,12.30,11.60,14.80,15.70,14.60,15.10,13.60,13.80,20.00,20.00,19.00,17.70,19.60,19.30,21.10,19.70,23.00,22.10,19.10,18.90,23.10,22.20,15.60,19.20,14.40,18.20,18.40,15.80,16.20,17.00,15.10,14.60,15.60,14.90,12.80,17.60,19.20,14.20,14.00,15.40,14.70,14.90,15.40,15.00,15.50,14.90,13.50,12.60,9.90,9.60,8.90,9.50,9.50,7.20,7.00,7.00,7.50,8.70,8.50,7.20,7.90,8.90,8.80,9.40,9.80,7.30,7.20,,,,,,,,,,,,,,,,,,,,,,,
Norway,NO,69.90,68.60,67.90,64.80,61.00,59.40,57.30,56.70,40.30,37.00,39.60,28.10,23.70,26.50,21.10,21.10,21.40,20.80,19.40,19.60,19.00,18.00,18.10,17.50,16.30,15.40,16.10,15.20,15.00,14.60,13.60,12.30,12.10,8.50,7.30,7.60,7.10,11.30,11.10,28.30,27.50,26.20,21.10,21.90,23.10,20.20,11.50,13.20,2.40,2.80,4.40,43.30,47.10,45.30,44.50,34.00,33.60,26.20,27.60,25.50,22.90,6.40,0.00,3.10,0.00,0.00,2.10,7.30,12.50,20.70,31.60,35.70,29.60,16.20,14.40,10.50,3.10,0.00,0.00,0.00,0.00,0.00,7.40,5.90,,,,,,,,,,,,,,22.60,24.80,25.20,16.40,13.30,10.70,7.00,0.00,0.00,6.10,7.10,4.60,5.80,5.20,7.80,5.60,3.90,1.90,5.30,6.70,7.00,4.80,7.30,5.10,6.60,5.70,,,,,,,,,,,,,,,,,,,,,,,,,,,,,,,,,,,,
France,FR,64.80,49.10,50.60,49.80,45.90,39.70,42.50,44.70,59.40,53.70,43.40,60.90,45.60,45.40,37.20,24.80,21.10,30.00,30.00,15.00,20.10,23.50,23.30,26.10,19.80,24.20,36.00,37.90,40.60,39.80,32.80,36.30,30.50,40.40,29.10,25.00,28.00,17.50,18.90,25.90,30.60,27.10,16.80,17.90,16.80,18.40,20.50,19.30,21.20,17.10,15.40,0.00,0.00,0.00,1.50,3.90,4.30,,,,,,,,,,,,,,26.40,30.40,26.70,17.60,23.60,22.30,25.90,29.20,29.20,30.70,30.10,34.70,34.90,32.00,30.90,31.30,30.00,28.50,28.50,26.40,23.20,19.20,28.20,22.40,25.20,27.30,21.30,20.10,19.50,19.80,22.10,22.20,23.80,23.10,11.10,11.10,12.20,16.40,12.20,15.90,17.20,20.40,19.90,19.50,18.70,19.50,22.50,17.40,15.50,17.20,17.60,18.40,20.20,22.90,23.00,21.00,23.00,23.00,22.70,23.30,17.60,16.70,15.50,14.80,17.70,17.70,20.60,22.60,24.30,24.00,25.50,24.40,26.00,22.60,21.80,24.70,23.40,22.00,25.10,25.60,27.60,27.40,28.50,27.60,28.10,26.80,30.00,33.60,28.80
Germany,DE,62.80,64.00,65.00,62.70,64.60,60.70,60.90,60.70,67.80,68.00,66.00,62.10,63.00,63.80,61.70,61.70,60.20,58.30,61.00,60.50,58.60,58.20,57.90,56.80,55.30,52.20,54.00,55.80,54.80,53.70,50.00,49.00,47.80,48.70,47.90,48.80,50.10,51.20,48.90,55.10,54.40,54.90,56.50,56.20,56.00,53.80,53.60,51.50,51.80,51.70,51.60,40.80,44.90,43.60,42.10,41.70,42.30,41.70,39.10,41.80,41.80,42.30,41.70,45.90,48.30,51.40,49.80,47.60,47.90,49.80,46.00,45.60,46.10,46.30,44.70,43.20,41.80,49.00,49.00,47.50,47.00,46.70,47.90,48.00,49.90,48.60,47.30,46.40,47.90,44.80,44.10,61.20,61.20,60.90,56.10,53.00,53.80,50.30,52.60,49.20,48.00,45.20,46.00,44.90,51.30,53.20,53.60,49.20,49.20,50.60,47.80,48.70,49.20,49.00,49.50,46.70,41.60,41.70,40.30,36.90,35.70,36.10,35.90,37.30,35.80,34.40,34.20,35.00,36.60,39.00,46.10,46.50,45.90,45.50,43.90,44.00,47.80,46.60,46.20,46.50,47.60,46.60,47.60,49.00,47.90,46.10,44.80,48.00,49.00,50.10,52.10,50.90,52.40,52.60,54.70,54.10,54.20,56.40,96.00
Canada,CA,55.60,52.80,55.80,63.80,54.20,53.90,48.00,45.10,48.70,46.40,45.10,46.60,46.80,44.70,93.10,90.10,93.70,93.20,85.50,75.30,75.60,66.10,56.50,44.90,43.00,35.90,93.70,84.80,81.90,77.10,67.10,54.70,52.80,50.70,44.80,42.30,30.20,24.10,23.00,11.00,12.50,11.30,10.30,8.40,,,,,,,,,,,,,,18.70,24.10,15.90,17.30,18.80,23.30,24.60,30.50,33.60,29.80,31.50,30.10,28.40,26.90,27.20,28.90,28.80,28.30,21.60,21.50,38.60,38.60,38.60,34.90,33.00,32.10,29.60,27.90,28.50,26.30,22.40,23.00,21.40,18.50,43.80,41.10,42.10,38.40,38.10,35.40,33.30,32.30,26.60,26.10,25.70,25.90,23.20,31.30,33.80,33.80,31.10,28.60,26.30,24.20,20.30,18.80,23.00,22.60,20.20,15.70,12.50,8.40,11.00,9.30,7.30,8.60,10.40,9.00,6.10,8.60,8.10,9.70,11.70,12.60,14.50,13.70,15.70,14.20,12.40,15.40,12.40,12.10,15.20,14.40,13.80,15.40,14.80,13.70,12.50,12.50,12.80,14.20,15.80,16.90,16.50,15.40,16.00,17.00,16.70,17.60,15.80,19.20
India,IN,53.90,53.80,50.00,49.30,46.70,44.10,42.80,43.50,38.40,40.10,41.20,40.10,40.30,41.30,41.00,42.10,39.80,40.30,40.60,40.50,39.70,40.10,40.00,37.90,38.40,35.40,36.40,29.30,31.00,32.00,31.60,32.70,32.50,34.50,35.80,38.80,41.50,41.80,42.20,38.80,38.50,38.20,34.60,32.50,29.20,22.30,18.30,20.30,20.20,19.00,17.70,11.70,10.30,10.50,11.80,14.40,14.60,14.90,14.80,14.90,10.80,12.10,14.10,14.00,12.80,15.30,20.00,20.10,19.50,15.80,14.60,13.90,12.00,11.20,13.50,14.00,13.10,12.50,12.50,12.20,12.30,11.20,10.00,10.30,,,,,,,,,,,,,,15.00,15.50,16.00,14.90,16.30,17.20,18.20,16.10,16.10,16.20,13.80,13.50,15.70,16.70,16.10,14.90,13.50,13.70,11.30,10.40,9.20,10.90,10.60,9.70,9.50,8.60,9.20,9.00,7.90,8.10,9.60,9.30,9.10,8.80,6.30,5.40,6.30,5.40,5.80,,,,,,,,,,,,,,,,,,,,,,,
Mexico,MX,53.50,51.60,45.80,40.80,35.80,31.70,30.10,29.30,31.60,31.00,31.30,29.90,31.10,31.20,27.70,26.70,28.10,34.60,34.50,33.60,32.60,34.80,36.90,36.20,33.50,33.10,33.20,34.20,33.20,36.10,34.00,34.40,36.80,31.90,26.50,27.80,33.20,33.40,35.20,31.50,35.30,36.20,37.80,34.80,34.80,33.80,32.20,32.50,32.60,34.30,41.10,41.90,39.60,37.30,38.30,36.10,35.20,34.40,32.00,30.50,30.00,30.20,34.90,33.90,36.60,35.50,35.50,35.30,35.00,36.60,34.90,38.60,40.50,40.40,40.30,46.20,46.20,45.70,45.70,43.40,42.00,40.20,37.60,36.50,35.00,36.60,34.90,32.10,32.90,32.00,29.00,31.90,31.10,31.60,32.50,33.00,33.50,32.80,33.50,33.20,34.00,36.00,34.60,38.30,45.90,36.50,30.60,28.90,28.40,27.50,27.40,26.30,24.20,24.50,25.50,25.40,24.90,26.80,24.80,24.80,25.40,26.20,24.50,24.90,24.80,25.20,23.70,23.90,23.80,24.20,22.20,21.90,22.30,21.80,20.50,19.90,19.30,19.40,18.50,16.20,18.20,17.00,17.50,18.30,16.90,17.50,13.80,14.90,15.30,17.90,16.20,16.90,17.30,16.10,14.60,15.80,15.30,14.40,17.00
Thailand,TH,53.00,53.10,53.50,52.20,54.70,54.30,54.50,51.60,56.00,49.90,49.00,47.60,58.40,55.80,59.80,60.70,57.10,57.60,56.50,52.00,52.20,52.70,50.40,47.30,40.80,35.70,49.30,46.30,46.90,43.50,42.10,33.30,33.30,29.60,28.00,27.90,31.40,29.30,27.50,26.80,28.50,26.00,39.70,37.20,32.40,33.90,33.60,27.40,30.40,30.60,31.20,32.40,32.80,27.90,25.70,30.50,28.90,27.40,27.50,22.80,24.70,22.90,22.50,20.60,17.80,18.70,16.80,17.80,16.80,16.60,16.90,16.10,15.70,15.90,16.10,15.40,15.50,15.80,15.80,15.50,15.60,17.50,17.90,17.00,16.10,16.20,16.20,14.80,15.70,15.60,16.30,12.90,13.30,11.10,12.10,13.00,13.30,12.50,12.80,12.10,11.00,12.20,11.20,8.80,11.40,10.90,10.70,11.90,15.30,13.50,11.70,12.70,14.70,14.80,14.60,15.20,15.70,15.00,14.10,14.20,14.30,15.00,17.10,17.20,18.50,18.00,17.30,18.10,17.70,17.70,16.70,16.20,15.80,16.50,16.20,16.10,15.70,15.30,14.60,14.30,14.40,13.90,14.10,14.40,14.40,14.50,14.70,14.30,13.80,13.70,13.60,13.80,13.90,14.00,13.40,13.20,13.50,14.00,9.70
"Korea, South",KR,44.30,44.50,46.30,43.90,42.70,50.80,49.90,47.30,42.10,42.70,38.50,36.30,33.40,33.90,32.50,30.80,32.50,31.20,31.90,36.20,39.80,39.40,38.70,39.90,37.60,37.00,38.70,37.80,38.70,40.10,39.80,39.70,40.30,40.20,43.30,39.90,39.80,38.70,37.40,37.40,35.40,33.10,33.30,31.30,31.30,32.70,36.20,40.20,42.10,39.40,40.60,36.40,38.40,40.40,40.70,41.30,42.10,39.20,37.80,37.00,39.40,42.60,44.40,43.70,50.00,52.10,54.10,57.90,56.90,62.30,66.70,64.50,65.70,65.70,63.40,65.10,65.60,68.30,68.30,68.20,70.90,72.40,72.80,71.20,69.00,68.80,63.70,64.10,62.40,62.60,63.00,59.40,58.70,55.90,57.20,53.10,53.60,55.00,55.30,49.60,50.50,47.30,45.40,44.50,58.80,57.20,57.80,59.10,57.30,59.80,63.10,63.30,62.60,61.70,59.70,59.60,60.20,39.70,38.60,36.70,36.70,37.40,36.70,38.00,37.70,37.50,35.80,35.80,35.00,32.60,37.70,35.40,34.70,32.60,33.40,32.30,32.80,31.90,30.40,28.50,27.00,26.90,27.30,26.10,27.70,29.90,28.10,28.40,29.60,27.30,28.30,28.10,27.50,28.10,28.90,25.80,25.00,24.70,27.10
Philippines,PH,36.70,35.40,36.50,36.80,37.10,37.10,35.70,32.70,31.70,32.20,32.20,30.00,30.00,27.60,23.80,24.10,23.40,22.70,22.80,20.10,19.20,18.50,18.50,19.30,20.30,20.00,14.30,14.40,15.00,14.60,12.50,11.30,11.70,11.70,11.40,11.40,11.90,10.90,11.20,11.80,12.00,12.40,12.60,11.60,11.70,11.50,12.10,12.00,12.30,12.40,12.40,8.80,9.00,9.90,10.80,10.40,10.30,,,,,,,,,,,,,,,,,,,,,,,,,,,,,,,,,,,,,,,,,,,,,,,,,,,,,,,,,,,,,,,,,,,,,,,,,,,,,,,,,,,,,,,,,,,,,,,,,,,,,,
Turkey,TR,30.00,29.10,27.10,28.10,30.40,30.10,27.40,32.00,40.20,40.50,40.70,40.10,42.80,42.80,39.30,37.90,36.20,34.30,32.90,28.90,29.10,27.80,27.80,29.70,26.70,25.70,25.50,27.60,27.90,28.70,27.30,27.50,28.10,29.40,30.30,28.10,28.50,27.10,27.30,28.30,26.60,29.70,31.90,30.80,30.20,28.40,27.30,31.50,34.30,32.70,30.50,30.30,28.90,31.10,28.70,28.50,28.20,25.60,25.60,28.10,28.30,29.20,28.50,28.70,27.10,27.00,26.20,27.60,25.40,25.00,23.00,23.40,22.30,23.60,24.00,22.50,19.80,19.10,19.10,21.50,21.60,21.00,21.60,18.90,17.40,18.50,15.70,14.60,15.50,16.60,15.30,13.80,10.10,10.70,11.40,10.40,12.90,12.00,14.50,16.10,16.90,16.50,15.10,15.10,15.00,15.70,16.30,14.90,14.20,14.50,15.70,15.50,16.60,19.10,16.40,15.30,13.90,12.50,11.80,11.00,11.90,12.90,13.20,13.50,12.80,12.10,12.40,12.20,11.00,10.30,10.00,10.50,11.10,10.20,10.40,8.20,,,,,,,,,,,,,,,,,,,,,,,
Chile,CL,29.70,26.70,26.40,24.50,21.90,22.50,22.30,23.00,24.90,24.70,22.20,22.00,19.60,20.00,21.90,18.60,16.70,16.00,15.00,13.90,13.40,13.40,13.00,13.00,13.10,12.00,12.20,12.00,12.00,11.90,12.30,12.50,12.40,12.10,12.40,12.80,12.90,13.40,14.20,14.70,15.10,15.50,15.20,15.20,15.20,15.10,15.40,13.40,13.00,13.60,12.20,11.70,11.10,10.20,9.70,8.50,9.00,,,,,,,,,,,,,,,,,,,,,,,,,,,,,,,,,,,,,,,,,,,,,,,,,,,,,,,,,,,,,,,,,,,,,,,,,,,,,,,,,,,,,,,,,,,,,,,,,,,,,,
Egypt,EG,0,,,,,,,,,,,,,,,,,,,26.00,29.80,30.50,30.60,29.20,25.90,25.00,29.40,28.00,21.10,21.40,21.70,19.40,18.90,19.40,14.30,14.90,14.50,12.70,11.50,18.60,18.50,18.50,19.10,16.90,17.20,16.80,16.70,15.50,14.50,15.10,14.10,12.30,12.80,12.70,12.70,12.00,11.60,10.40,10.60,9.90,9.90,10.10,10.20,10.00,6.40,6.30,6.00,6.10,5.40,5.90,,,,,,,,,,,,,,,,,,,,,,,,,,,,,,,,,,,,,,,,,,,,,,,,,,,,,,,,,,,,,,,,,,,,,,,,,,,,,,,,,,,,,,,,,
Poland,PL,29.40,29.90,28.40,28.40,27.50,27.30,28.70,28.50,27.90,28.60,29.60,31.20,31.90,31.10,27.90,27.40,28.40,27.30,26.30,25.50,27.20,28.80,28.40,26.60,24.80,25.70,23.20,23.40,24.60,23.40,22.60,22.30,22.90,21.90,21.90,21.50,21.30,20.90,20.50,5.00,3.90,3.80,4.40,3.30,,,,,,,,,,,,,,12.90,11.10,9.80,10.60,10.50,11.10,10.40,12.90,11.80,12.20,12.20,12.70,12.50,13.90,13.90,14.10,12.80,13.40,12.50,11.10,11.40,11.40,13.30,12.30,12.20,12.40,11.30,13.70,13.40,13.20,12.90,12.10,12.20,12.40,11.40,11.80,11.90,11.40,10.60,10.20,10.80,10.80,10.60,10.30,9.40,9.40,9.40,10.60,11.30,11.50,11.30,11.00,10.80,10.70,10.40,10.30,10.00,10.10,10.20,10.40,9.30,9.40,9.10,9.30,9.00,8.70,,,,,,,,,,,,,,,,,,,,,,,,,,,,,,,,,,,,
Sweden,SE,28.20,27.80,27.40,27.60,27.60,28.50,29.20,28.90,30.40,30.80,30.90,28.40,28.40,28.40,20.90,21.40,21.30,17.70,17.00,16.80,15.20,16.10,15.40,16.80,17.70,17.60,16.50,13.40,15.30,16.30,16.00,15.70,15.20,15.50,15.30,14.40,12.70,12.50,12.50,13.00,12.70,12.50,12.60,12.40,12.70,13.10,13.50,13.60,14.70,14.40,14.40,12.40,13.20,13.10,13.20,13.60,13.40,13.70,14.10,14.50,14.80,15.70,15.50,15.10,15.70,15.40,14.80,14.90,14.90,14.00,12.00,11.90,12.00,12.90,13.50,13.50,13.30,18.20,18.20,18.10,18.00,17.90,17.10,17.40,16.30,17.10,16.70,16.80,16.80,16.40,16.90,19.40,17.90,16.80,17.00,16.40,15.80,17.00,16.10,15.70,14.70,14.50,13.80,14.20,10.00,11.30,9.80,10.40,10.50,9.50,9.90,9.30,10.00,11.10,11.40,11.10,11.40,14.10,13.50,13.20,13.20,12.70,12.50,12.30,11.20,9.50,9.70,9.40,8.90,8.80,6.40,6.90,6.30,6.20,5.90,6.10,,,,,,,,,,,,,,,,,,,,,,,
Colombia,CO,28.00,27.10,26.50,26.90,26.70,25.10,25.20,23.50,20.00,21.80,21.40,19.80,18.80,18.90,19.90,19.80,20.20,20.10,19.80,20.20,20.30,16.70,16.30,16.50,16.40,16.40,17.00,15.70,15.70,16.20,16.00,16.00,17.30,17.20,18.30,18.30,17.90,16.40,13.30,12.10,11.60,11.40,11.60,11.50,11.20,11.60,11.40,9.90,9.00,9.30,9.20,7.60,7.60,6.50,6.70,6.90,7.10,,,,,,,,,,,,,,,,,,,,,,,,,,,,,,,,,,,,,,,,,,,,,,,,,,,,,,,,,,,,,,,,,,,,,,,,,,,,,,,,,,,,,,,,,,,,,,,,,,,,,,
Italy,IT,27.80,27.50,27.10,26.50,24.10,23.30,22.70,22.80,21.20,21.50,21.70,20.70,21.30,20.70,25.40,24.80,24.20,24.30,24.60,23.70,23.60,23.70,24.10,23.60,23.20,22.70,20.10,20.80,20.30,20.50,20.90,21.30,21.10,21.60,21.60,20.00,19.30,19.80,19.10,16.70,16.10,16.60,16.40,15.60,16.00,15.90,15.20,11.60,12.90,11.00,11.40,10.20,11.30,10.30,11.10,11.10,12.60,14.60,15.50,14.10,13.40,13.20,13.90,14.00,13.50,13.40,13.30,13.90,13.40,13.60,13.20,16.00,13.80,13.60,14.20,14.00,14.50,15.40,15.40,14.20,13.90,13.70,14.30,15.00,15.40,16.50,15.10,14.20,14.90,14.40,13.10,14.40,14.50,14.80,14.70,13.90,13.10,12.90,12.90,12.30,12.50,12.40,13.30,13.50,15.60,15.80,15.50,14.70,14.80,14.70,13.20,17.30,15.70,16.90,17.10,16.60,16.20,16.20,16.20,16.60,16.40,16.90,17.30,16.30,16.60,17.00,18.20,18.00,17.90,18.00,20.30,20.60,19.90,20.50,20.60,20.40,18.90,18.90,18.60,19.50,20.40,20.70,20.40,20.40,20.00,19.90,21.30,20.80,20.80,20.80,20.80,20.80,20.90,21.00,19.40,19.80,19.50,18.70,18.00
Israel,IL,25.50,24.50,24.80,23.70,22.80,23.00,22.70,19.30,19.30,19.30,20.20,22.00,20.90,21.90,19.10,19.30,18.90,19.80,19.90,20.60,20.50,17.90,17.60,16.30,17.90,18.30,18.40,20.10,19.90,22.00,18.90,16.80,13.80,15.10,14.50,16.90,16.20,15.50,16.60,19.00,19.10,19.40,17.40,16.90,18.80,13.80,12.40,8.70,7.60,8.10,9.80,5.90,5.30,6.20,6.50,7.10,7.60,,,,,,,,,,,,,,12.30,11.70,11.30,9.20,6.20,6.50,7.50,11.40,11.40,13.40,13.40,12.30,12.40,12.50,12.50,10.80,11.90,11.80,11.40,10.50,10.90,9.50,10.30,11.50,14.60,14.30,14.90,13.70,13.20,10.60,12.50,11.60,12.80,17.10,18.10,18.00,15.50,16.40,14.10,10.50,12.20,11.90,11.40,12.10,12.00,13.10,11.80,12.40,12.80,14.20,14.90,12.90,11.70,12.50,11.20,10.50,12.90,11.20,12.70,11.20,16.00,15.40,16.40,15.60,14.60,14.80,,,,,,,,,,,,,,,,,,,,,,,
Australia,AU,25.00,25.30,29.70,25.80,22.60,23.50,22.10,21.70,24.00,24.60,23.20,18.90,20.40,21.30,12.40,13.10,10.30,12.60,14.60,14.90,14.90,15.70,18.00,15.50,19.20,18.40,14.50,14.10,17.90,14.40,14.40,15.40,16.30,13.70,12.80,12.30,12.50,12.10,12.50,9.00,8.40,6.80,8.10,7.80,10.30,8.70,9.50,9.00,9.30,9.40,9.10,8.80,9.80,9.00,9.20,9.20,9.60,,,,,,,,,,,,,,,,,,,,,,,,,,,,,,,,,,,,,,,,,,,,,,,,,,,,,,,,,,,,,,,,,,,8.40,9.10,9.30,8.80,9.50,9.10,6.70,10.10,9.80,9.70,9.80,9.10,8.70,,,,,,,,,,,,,,,,,,,,,,,
Netherlands,NL,24.60,25.90,25.80,24.40,23.10,24.60,24.80,21.30,23.70,24.00,24.90,23.10,23.60,24.20,23.80,23.70,25.30,25.10,25.40,22.70,22.10,22.00,23.10,25.10,24.20,24.70,17.30,17.60,19.60,19.20,20.40,20.70,20.40,21.00,20.50,22.00,22.00,22.20,19.60,16.40,16.50,17.60,16.10,16.80,15.40,15.60,15.70,15.60,16.90,17.80,17.80,15.00,15.60,15.50,15.00,14.00,15.80,15.20,14.20,14.80,15.10,16.60,15.70,16.50,21.20,20.00,21.30,21.40,21.50,20.10,20.70,20.50,20.00,18.10,16.70,18.30,19.30,17.00,17.00,15.40,15.40,15.30,15.00,15.70,15.70,16.90,19.10,18.20,18.70,19.60,19.10,13.30,13.70,15.50,16.60,14.90,15.10,16.00,14.40,14.80,16.10,13.40,20.60,20.70,14.30,13.30,15.10,12.10,12.30,12.90,12.30,14.10,13.50,14.10,17.80,19.00,18.70,19.70,18.20,16.30,12.40,10.90,8.90,13.00,10.30,8.60,11.50,10.60,12.60,12.30,0.00,0.00,0.00,0.30,3.80,2.60,5.20,5.60,6.40,8.30,10.40,7.80,6.70,5.50,7.20,9.70,13.40,10.60,11.40,13.00,12.90,12.60,11.70,11.90,13.10,13.60,15.00,14.30,9.80
Spain,ES,24.00,26.50,21.70,21.20,21.10,21.30,23.70,24.00,16.30,14.10,13.10,13.30,14.40,12.40,7.50,7.30,8.10,8.50,8.40,,,,,,,,,,,,,,13.70,13.10,13.10,12.30,12.80,11.60,11.10,4.70,4.50,4.50,4.60,4.20,,,,,,,,,,,,,,,,,,,,,,,,,,,,,,,,,,,,,,,,,,,,,,,,,,,,,,,,,,,,,,,,,,,,,,,,,,,,,,,,19.10,17.20,14.50,15.40,17.50,16.80,16.50,15.00,14.70,14.50,15.80,16.50,17.50,15.60,15.40,14.90,16.70,16.50,16.30,16.10,17.00,17.70,18.10,18.70,19.00,19.00,19.80,20.10,21.00,21.10,21.70,20.20,19.60,20.60,19.50,22.10
Malaysia,MY,20.00,20.30,20.30,20.10,20.50,20.90,20.60,20.60,18.50,17.70,17.00,15.40,15.30,14.00,12.70,12.20,11.20,11.30,11.30,11.50,11.70,11.60,11.50,11.70,11.70,11.10,11.10,10.50,10.90,11.00,10.90,11.00,11.70,11.80,11.70,11.70,11.90,12.50,12.40,12.30,11.60,10.60,8.40,8.00,,,,,,,,,,,,,,,,,,,,,,,,,,,,,,,,,,,,,,,,,,,,,,,,,,,,,,,,,,,,,,,,,,,,,,,,,,,,,,,,,,,,,,,,,,,,,,,,,,,,,,,,,,,,,,,,,,,
Denmark,DS,14.60,15.30,15.10,14.60,15.40,15.40,15.90,16.50,13.60,13.60,13.90,12.00,10.80,10.70,9.90,9.40,9.30,9.10,8.70,,,,,,,,,,,,,,,,,,,,,,,,,,,,,,,,,,,,,,,,,,,,,,,,,,,,,,,,,,,,,,,,,,,,,,,,,,,,,,,,,,,,,,,,,,,,,,,,,,,,,,,,,,,,,,,,,,,,,,,,,,,,,,,,,,,,,,,,,,,,
Peru,PE,11.80,11.70,11.40,10.50,10.10,8.90,8.90,8.80,8.50,8.60,8.00,8.00,9.60,,,,,,,,,,,,,,,,,,,,,,,,,,,,,,,,,,,,,,,,,,,,,,,,,,,,,,,,,,,,,,,,,,,,,,,,,,,,,,,,,,,,,,,,,,,,,,,,,,,,,,,,,,,,,,,,,,,,,,,,,,,,,,,,,,,,,,,,,,,,,,,,,,
South Africa,ZA,11.50,13.20,12.60,12.30,12.20,12.90,12.90,12.10,11.30,11.50,10.90,11.00,10.10,10.10,6.70,7.50,8.40,9.50,9.80,,,,,,,,,,,,,,,,,,,,,,,,,,,,,,,,,,,,,,,,,,,,,,,,,,,,,,,,,,,,,,,,,,,,,,,,,,,,,,,,,,,,,,,,,,,,,,,,,,,,,,,,,,,,,,,,,,,,,,,,,,,,,,,,,,,,,,,,,,,,
All Other,2,224.10,226.70,227.30,225.00,222.00,217.00,213.90,205.70,195.10,189.60,185.80,198.40,193.90,206.90,191.70,194.60,189.60,185.30,188.00,193.30,200.70,201.60,204.20,206.70,206.80,199.10,171.10,174.60,168.10,163.40,162.00,161.10,150.60,153.80,158.00,159.40,161.00,163.70,162.50,139.00,136.60,142.40,147.70,147.00,163.20,168.80,162.10,154.20,163.40,159.00,159.80,146.30,146.80,144.60,142.70,139.20,140.50,154.60,150.70,145.40,142.80,145.50,147.70,158.40,145.60,162.10,162.30,168.10,168.40,163.80,132.60,132.50,129.70,126.30,128.30,126.60,127.50,116.30,116.30,126.50,139.10,151.70,148.90,147.30,159.40,163.80,154.00,144.50,157.00,158.30,152.30,186.50,174.80,169.80,157.10,172.90,168.00,128.90,125.50,117.50,116.60,116.50,123.20,121.20,120.20,116.40,118.60,116.10,117.70,116.60,119.20,122.80,123.40,124.40,129.10,126.20,128.80,128.50,123.80,123.70,125.00,124.40,126.20,110.10,106.60,110.20,106.20,109.20,107.10,109.30,112.20,117.90,126.60,128.30,129.80,134.40,188.80,196.10,191.80,190.70,190.10,178.10,171.20,172.50,170.90,175.30,177.20,178.70,157.80,156.50,158.30,158.30,158.40,154.80,152.30,151.30,153.80,161.30,127.20
Grand Total,T,"5,348.50","5,311.00","5,263.90","5,214.60","5,147.50","5,110.00","5,063.60","5,004.20","5,005.20","4,918.30","4,908.30","4,763.50","4,668.30","4,690.60","4,536.60","4,496.50","4,481.40","4,466.90","4,435.40","4,435.60","4,411.40","4,373.10","4,324.20","4,272.00","4,125.50","4,070.00","4,002.90","3,958.20","3,951.20","3,877.90","3,745.50","3,702.20","3,685.10","3,669.00","3,571.60","3,570.60","3,531.10","3,505.80","3,460.80","3,292.60","3,262.10","3,265.70","3,161.90","3,071.70","3,077.20","3,036.60","2,980.60","2,802.40","2,688.70","2,624.20","2,587.40","2,633.80","2,597.70","2,586.70","2,506.30","2,426.20","2,399.40","2,353.20","2,337.10","2,299.20","2,235.30","2,217.50","2,201.00","2,192.00","2,191.70","2,185.00","2,166.70","2,194.80","2,143.30","2,120.60","2,103.10","2,097.00","2,054.40","2,025.30","2,038.00","1,992.90","1,977.80","2,095.30","2,095.30","2,071.40","2,059.50","2,082.10","2,071.30","2,045.40","2,033.90","2,034.00","1,964.90","1,929.60","1,925.90","1,899.20","1,877.50","1,971.30","1,981.90","1,980.90","1,952.20","1,914.40","1,874.50","1,849.30","1,846.60","1,812.70","1,794.50","1,770.10","1,751.90","1,735.40","1,820.40","1,743.80","1,711.20","1,670.00","1,609.20","1,568.50","1,523.10","1,498.30","1,451.90","1,443.30","1,444.90","1,419.00","1,371.90","1,369.90","1,328.10","1,278.00","1,275.20","1,236.40","1,237.70","1,235.60","1,220.00","1,194.20","1,188.60","1,168.90","1,161.70","1,123.10","1,097.50","1,061.20","1,042.80","1,057.20","1,035.80","1,029.60","1,040.10","1,036.30","1,016.00",992.20,994.00,975.90,983.30,986.20,987.80,"1,012.50","1,015.40","1,010.80","1,015.20","1,021.00","1,035.20","1,038.80","1,053.90","1,055.90","1,060.70","1,072.20","1,088.90","1,085.00","1,252.10"
Of which:,,,,,,,,,,,,,,,,,,,,,0.00,0.00,0.00,0.00,0.00,0.00,0.00,0.00,0.00,0.00,0.00,0.00,0.00,,,,,,,,,,,,,,,,,,,,,,,,,,,,,,,,,,,,,,,,,,,,,,,,,,,,,0.00,0.00,0.00,0.00,0.00,0.00,0.00,0.00,0.00,0.00,0.00,0.00,0.00,,,,,,,,,,,,,,,,,,,,,,,,,,,,,,,,,,,,,,,,0.00,0.00,0.00,0.00,0.00,0.00,0.00,0.00,0.00,0.00,0.00,0.00,,,,,,,,,,,
For. Official,x,"3,875.60","3,852.90","3,826.30","3,779.00","3,717.40","3,708.30","3,684.50","3,618.00","3,628.90","3,600.90","3,619.50","3,517.20","3,509.90","3,514.60","3,242.00","3,242.80","3,219.60","3,183.30","3,193.30","3,189.30","3,212.40","3,227.90","3,192.70","3,142.70","3,098.80","3,071.40","2,688.70","2,689.80","2,715.20","2,703.30","2,670.30","2,674.60","2,700.10","2,728.60","2,710.40","2,694.60","2,689.80","2,675.90","2,625.50","2,287.10","2,253.20","2,248.20","2,197.70","2,165.40","2,138.30","2,103.70","2,063.30","1,981.00","1,944.80","1,926.90","1,910.90","1,751.70","1,743.90","1,743.30","1,707.30","1,682.30","1,689.90","1,641.10","1,619.10","1,613.80","1,607.70","1,595.10","1,621.00","1,612.60","1,443.10","1,448.40","1,458.40","1,466.00","1,451.50","1,448.70","1,449.00","1,452.30","1,443.60","1,426.00","1,429.00","1,408.50","1,397.70","1,298.50","1,298.50","1,311.60","1,326.30","1,331.90","1,339.30","1,319.50","1,305.10","1,312.30","1,292.30","1,281.90","1,293.00","1,287.10","1,283.80","1,236.60","1,243.80","1,237.00","1,229.60","1,243.20","1,238.00","1,233.30","1,238.00","1,220.40","1,204.90","1,187.80","1,169.90","1,160.90","1,094.90","1,062.80","1,046.60","1,031.00",991.10,962.10,933.90,928.90,902.50,878.90,876.00,872.10,864.20,815.70,799.80,777.00,783.60,774.00,767.10,760.10,753.80,739.80,736.50,744.00,742.60,735.80,630.40,614.20,607.60,614.70,612.20,617.20,619.40,624.20,611.60,602.70,601.70,590.00,586.90,588.80,594.10,614.20,614.30,616.90,609.20,610.10,615.10,622.60,633.50,633.30,631.60,624.70,634.90,635.60,600.80
Treasury Bills,y,355.00,362.20,359.80,345.70,356.00,360.70,349.60,357.60,379.00,374.60,387.30,409.20,392.30,411.10,411.10,423.20,421.70,414.90,432.40,462.30,499.20,531.30,495.40,486.90,473.50,454.40,454.40,466.90,498.50,501.30,496.50,502.00,528.10,580.90,593.80,593.10,607.30,606.60,571.90,586.20,530.60,542.70,521.20,486.90,457.90,427.20,360.60,276.80,245.60,232.50,226.60,226.60,219.90,215.70,201.90,205.00,209.00,196.30,185.30,180.40,178.30,180.00,176.20,160.90,160.90,172.70,178.10,195.10,182.00,181.40,176.80,186.20,178.50,179.40,190.00,186.00,184.80,184.80,184.80,194.90,197.10,215.10,215.50,209.90,201.90,214.90,199.80,195.40,205.40,203.20,204.90,204.90,229.00,230.10,235.80,235.20,242.30,245.20,256.90,260.40,260.50,254.30,252.00,248.90,248.90,233.10,224.90,231.90,225.60,214.50,212.00,215.60,207.90,207.90,215.60,207.30,211.00,211.00,211.10,201.70,207.30,197.60,195.00,190.40,190.10,188.40,185.20,189.00,188.30,176.20,176.20,162.00,155.30,160.90,163.60,166.10,161.70,167.60,161.10,153.90,154.70,143.30,139.20,137.90,144.20,155.20,155.70,159.00,153.00,155.10,155.10,155.50,159.80,160.10,157.20,148.80,157.60,164.80,164.80
T-Bonds & Notes,z,"3,520.60","3,490.70","3,466.50","3,433.30","3,361.40","3,347.60","3,334.90","3,260.40","3,249.90","3,226.20","3,232.20","3,108.00","3,117.60","3,103.50","2,830.90","2,819.60","2,798.00","2,768.40","2,760.90","2,727.00","2,713.20","2,696.60","2,697.30","2,655.90","2,625.30","2,617.00","2,234.30","2,222.90","2,216.70","2,202.00","2,173.80","2,172.60","2,172.00","2,147.70","2,116.50","2,101.50","2,082.50","2,069.30","2,053.60","1,700.90","1,722.70","1,705.50","1,676.50","1,678.50","1,680.40","1,676.50","1,702.70","1,704.20","1,699.20","1,694.40","1,684.30","1,525.00","1,523.90","1,527.60","1,505.30","1,477.30","1,480.90","1,444.80","1,433.80","1,433.40","1,429.40","1,415.10","1,444.70","1,451.70","1,282.10","1,275.70","1,280.30","1,270.90","1,269.50","1,267.30","1,272.20","1,266.10","1,265.10","1,246.60","1,239.00","1,222.50","1,212.80","1,113.60","1,113.60","1,116.70","1,129.20","1,116.80","1,123.80","1,109.70","1,103.30","1,097.40","1,092.50","1,086.50","1,087.60","1,083.90","1,078.90","1,031.70","1,014.80","1,006.90",993.70,"1,007.90",995.70,988.10,981.10,960.00,944.40,933.50,918.00,912.00,846.00,829.70,821.80,799.10,765.50,747.60,721.90,713.30,694.60,671.00,660.30,664.80,653.20,604.60,588.70,575.30,576.30,576.40,572.10,569.70,563.70,551.40,551.30,555.00,554.40,559.60,454.20,452.20,452.20,453.80,448.60,451.10,457.70,456.60,450.50,448.80,447.00,446.70,447.70,450.90,449.90,459.00,458.70,458.00,456.20,455.10,460.00,467.10,473.70,473.20,474.40,475.90,477.30,470.80,436.00
,,,,,,,,,,,,,,,,,,,,,,,,,,,,,,,,,,,,,,,,,,,,,,,,,,,,,,,,,,,,,,,,,,,,,,,,,,,,,,,,,,,,,,,,,,,,,,,,,,,,,,,,,,,,,,,,,,,,,,,,,,,,,,,,,,,,,,,,,,,,,,,,,,,,,,,,,,,,,,,,
,,,,,,,,,,,,,,,,,,,,,,,,,,,,,,,,,,,,,,,,,,,,,,,,,,,,,,,,,,,,,,,,,,,,,,,,,,,,,,,,,,,,,,,,,,,,,,,,,,,,,,,,,,,,,,,,,,,,,,,,,,,,,,,,,,,,,,,,,,,,,,,,,,,,,,,,,,,,,,,,
Department of the Treasury/Federal Reserve Board,,,,,,,,,,,,,,,,,,,,,,,,,,,,,,,,,,,,,,,,,,,,,,,,,,,,,,,,,,,,,,,,,,,,,,,,,,,,,,,,,,,,,,,,,,,,,,,,,,,,,,,,,,,,,,,,,,,,,,,,,,,,,,,,,,,,,,,,,,,,,,,,,,,,,,,,,,,,,,,,
"          September 18, 2012",,,,,,,,,,,,,,,,,,,,,,,,,,,,,,,,,,,,,,,,,,,,,,,,,,,,,,,,,,,,,,,,,,,,,,,,,,,,,,,,,,,,,,,,,,,,,,,,,,,,,,,,,,,,,,,,,,,,,,,,,,,,,,,,,,,,,,,,,,,,,,,,,,,,,,,,,,,,,,,,
(2011 revised),,,,,,,,,,,,,,,,,,,,,,,,,,,,,,,,,,,,,,,,,,,,,,,,,,,,,,,,,,,,,,,,,,,,,,,,,,,,,,,,,,,,,,,,,,,,,,,,,,,,,,,,,,,,,,,,,,,,,,,,,,,,,,,,,,,,,,,,,,,,,,,,,,,,,,,,,,,,,,,,
,,,,,,,,,,,,,,,,,,,,,,,,,,,,,,,,,,,,,,,,,,,,,,,,,,,,,,,,,,,,,,,,,,,,,,,,,,,,,,,,,,,,,,,,,,,,,,,,,,,,,,,,,,,,,,,,,,,,,,,,,,,,,,,,,,,,,,,,,,,,,,,,,,,,,,,,,,,,,,,,
*     Less than $50 million.,,,,,,,,,,,,,,,,,,,,,,,,,,,,,,,,,,,,,,,,,,,,,,,,,,,,,,,,,,,,,,,,,,,,,,,,,,,,,,,,,,,,,,,,,,,,,,,,,,,,,,,,,,,,,,,,,,,,,,,,,,,,,,,,,,,,,,,,,,,,,,,,,,,,,,,,,,,,,,,,
,,,,,,,,,,,,,,,,,,,,,,,,,,,,,,,,,,,,,,,,,,,,,,,,,,,,,,,,,,,,,,,,,,,,,,,,,,,,,,,,,,,,,,,,,,,,,,,,,,,,,,,,,,,,,,,,,,,,,,,,,,,,,,,,,,,,,,,,,,,,,,,,,,,,,,,,,,,,,,,,
 1/  The data in this table are collected primarily from U.S.-based custodians and broker-dealers. Since U.S. securities held in overseas,,,,,,,,,,,,,,,,,,,,,,,,,,,,,,,,,,,,,,,,,,,,,,,,,,,,,,,,,,,,,,,,,,,,,,,,,,,,,,,,,,,,,,,,,,,,,,,,,,,,,,,,,,,,,,,,,,,,,,,,,,,,,,,,,,,,,,,,,,,,,,,,,,,,,,,,,,,,,,,,
"     custody accounts may not be attributed to the actual owners, the data may not provide a precise accounting of individual country",,,,,,,,,,,,,,,,,,,,,,,,,,,,,,,,,,,,,,,,,,,,,,,,,,,,,,,,,,,,,,,,,,,,,,,,,,,,,,,,,,,,,,,,,,,,,,,,,,,,,,,,,,,,,,,,,,,,,,,,,,,,,,,,,,,,,,,,,,,,,,,,,,,,,,,,,,,,,,,,
     ownership of Treasury securities (see TIC FAQ #7 at: http://www.treasury.gov/resource-center/data-chart-center/tic/Pages/ticfaq1.aspx).,,,,,,,,,,,,,,,,,,,,,,,,,,,,,,,,,,,,,,,,,,,,,,,,,,,,,,,,,,,,,,,,,,,,,,,,,,,,,,,,,,,,,,,,,,,,,,,,,,,,,,,,,,,,,,,,,,,,,,,,,,,,,,,,,,,,,,,,,,,,,,,,,,,,,,,,,,,,,,,,
"     Estimated foreign holdings of U.S. Treasury marketable and non-marketable bills, bonds, and notes reported under the Treasury",,,,,,,,,,,,,,,,,,,,,,,,,,,,,,,,,,,,,,,,,,,,,,,,,,,,,,,,,,,,,,,,,,,,,,,,,,,,,,,,,,,,,,,,,,,,,,,,,,,,,,,,,,,,,,,,,,,,,,,,,,,,,,,,,,,,,,,,,,,,,,,,,,,,,,,,,,,,,,,,
     International Capital (TIC) reporting system are based on annual Surveys of Foreign Holdings of U.S. Securities and on monthly data.,,,,,,,,,,,,,,,,,,,,,,,,,,,,,,,,,,,,,,,,,,,,,,,,,,,,,,,,,,,,,,,,,,,,,,,,,,,,,,,,,,,,,,,,,,,,,,,,,,,,,,,,,,,,,,,,,,,,,,,,,,,,,,,,,,,,,,,,,,,,,,,,,,,,,,,,,,,,,,,,
,,,,,,,,,,,,,,,,,,,,,,,,,,,,,,,,,,,,,,,,,,,,,,,,,,,,,,,,,,,,,,,,,,,,,,,,,,,,,,,,,,,,,,,,,,,,,,,,,,,,,,,,,,,,,,,,,,,,,,,,,,,,,,,,,,,,,,,,,,,,,,,,,,,,,,,,,,,,,,,,
2/    United Kingdom includes Channel Islands and Isle of Man.,,,,,,,,,,,,,,,,,,,,,,,,,,,,,,,,,,,,,,,,,,,,,,,,,,,,,,,,,,,,,,,,,,,,,,,,,,,,,,,,,,,,,,,,,,,,,,,,,,,,,,,,,,,,,,,,,,,,,,,,,,,,,,,,,,,,,,,,,,,,,,,,,,,,,,,,,,,,,,,,
,,,,,,,,,,,,,,,,,,,,,,,,,,,,,,,,,,,,,,,,,,,,,,,,,,,,,,,,,,,,,,,,,,,,,,,,,,,,,,,,,,,,,,,,,,,,,,,,,,,,,,,,,,,,,,,,,,,,,,,,,,,,,,,,,,,,,,,,,,,,,,,,,,,,,,,,,,,,,,,,
"3/    Oil exporters include Ecuador, Venezuela, Indonesia, Bahrain, Iran, Iraq, Kuwait, Oman, Qatar,",,,,,,,,,,,,,,,,,,,,,,,,,,,,,,,,,,,,,,,,,,,,,,,,,,,,,,,,,,,,,,,,,,,,,,,,,,,,,,,,,,,,,,,,,,,,,,,,,,,,,,,,,,,,,,,,,,,,,,,,,,,,,,,,,,,,,,,,,,,,,,,,,,,,,,,,,,,,,,,,
"      Saudi Arabia, the United Arab Emirates, Algeria, Gabon, Libya, and Nigeria.",,,,,,,,,,,,,,,,,,,,,,,,,,,,,,,,,,,,,,,,,,,,,,,,,,,,,,,,,,,,,,,,,,,,,,,,,,,,,,,,,,,,,,,,,,,,,,,,,,,,,,,,,,,,,,,,,,,,,,,,,,,,,,,,,,,,,,,,,,,,,,,,,,,,,,,,,,,,,,,,
,,,,,,,,,,,,,,,,,,,,,,,,,,,,,,,,,,,,,,,,,,,,,,,,,,,,,,,,,,,,,,,,,,,,,,,,,,,,,,,,,,,,,,,,,,,,,,,,,,,,,,,,,,,,,,,,,,,,,,,,,,,,,,,,,,,,,,,,,,,,,,,,,,,,,,,,,,,,,,,,
"4/    Caribbean Banking Centers include Bahamas, Bermuda, Cayman Islands, Netherlands Antilles, and Panama.",,,,,,,,,,,,,,,,,,,,,,,,,,,,,,,,,,,,,,,,,,,,,,,,,,,,,,,,,,,,,,,,,,,,,,,,,,,,,,,,,,,,,,,,,,,,,,,,,,,,,,,,,,,,,,,,,,,,,,,,,,,,,,,,,,,,,,,,,,,,,,,,,,,,,,,,,,,,,,,,
"      Beginning with new series for June 2006, also includes British Virgin Islands.",,,,,,,,,,,,,,,,,,,,,,,,,,,,,,,,,,,,,,,,,,,,,,,,,,,,,,,,,,,,,,,,,,,,,,,,,,,,,,,,,,,,,,,,,,,,,,,,,,,,,,,,,,,,,,,,,,,,,,,,,,,,,,,,,,,,,,,,,,,,,,,,,,,,,,,,,,,,,,,,
,,,,,,,,,,,,,,,,,,,,,,,,,,,,,,,,,,,,,,,,,,,,,,,,,,,,,,,,,,,,,,,,,,,,,,,,,,,,,,,,,,,,,,,,,,,,,,,,,,,,,,,,,,,,,,,,,,,,,,,,,,,,,,,,,,,,,,,,,,,,,,,,,,,,,,,,,,,,,,,,
"5/    Prior to June 2002, the Belgium line in this table includes holdings for both Belgium and Luxembourg.",,,,,,,,,,,,,,,,,,,,,,,,,,,,,,,,,,,,,,,,,,,,,,,,,,,,,,,,,,,,,,,,,,,,,,,,,,,,,,,,,,,,,,,,,,,,,,,,,,,,,,,,,,,,,,,,,,,,,,,,,,,,,,,,,,,,,,,,,,,,,,,,,,,,,,,,,,,,,,,,
"       Historically, the data are shown as Belgium-Luxembourg.",,,,,,,,,,,,,,,,,,,,,,,,,,,,,,,,,,,,,,,,,,,,,,,,,,,,,,,,,,,,,,,,,,,,,,,,,,,,,,,,,,,,,,,,,,,,,,,,,,,,,,,,,,,,,,,,,,,,,,,,,,,,,,,,,,,,,,,,,,,,,,,,,,,,,,,,,,,,,,,,
,,,,,,,,,,,,,,,,,,,,,,,,,,,,,,,,,,,,,,,,,,,,,,,,,,,,,,,,,,,,,,,,,,,,,,,,,,,,,,,,,,,,,,,,,,,,,,,,,,,,,,,,,,,,,,,,,,,,,,,,,,,,,,,,,,,,,,,,,,,,,,,,,,,,,,,,,,,,,,,,
6/    Denotes series break.  Series II for March 2000 through May 2002 are based on the end-March 2000 benchmark survey. Series I for,,,,,,,,,,,,,,,,,,,,,,,,,,,,,,,,,,,,,,,,,,,,,,,,,,,,,,,,,,,,,,,,,,,,,,,,,,,,,,,,,,,,,,,,,,,,,,,,,,,,,,,,,,,,,,,,,,,,,,,,,,,,,,,,,,,,,,,,,,,,,,,,,,,,,,,,,,,,,,,,
       March 2000 is based on the end-1994 benchmark survey. The Series I estimate for March 2000 is shown for comparison only.,,,,,,,,,,,,,,,,,,,,,,,,,,,,,,,,,,,,,,,,,,,,,,,,,,,,,,,,,,,,,,,,,,,,,,,,,,,,,,,,,,,,,,,,,,,,,,,,,,,,,,,,,,,,,,,,,,,,,,,,,,,,,,,,,,,,,,,,,,,,,,,,,,,,,,,,,,,,,,,,
,,,,,,,,,,,,,,,,,,,,,,,,,,,,,,,,,,,,,,,,,,,,,,,,,,,,,,,,,,,,,,,,,,,,,,,,,,,,,,,,,,,,,,,,,,,,,,,,,,,,,,,,,,,,,,,,,,,,,,,,,,,,,,,,,,,,,,,,,,,,,,,,,,,,,,,,,,,,,,,,
7/    Denotes series break. Series III for June 2002 through May 2003 are based on the end-June 2002 annual survey. Series II for March 2000,,,,,,,,,,,,,,,,,,,,,,,,,,,,,,,,,,,,,,,,,,,,,,,,,,,,,,,,,,,,,,,,,,,,,,,,,,,,,,,,,,,,,,,,,,,,,,,,,,,,,,,,,,,,,,,,,,,,,,,,,,,,,,,,,,,,,,,,,,,,,,,,,,,,,,,,,,,,,,,,
       through May 2002 are based on the end-March 2000 benchmark survey. The Series II estimate for June 2002 is shown for comparison only.,,,,,,,,,,,,,,,,,,,,,,,,,,,,,,,,,,,,,,,,,,,,,,,,,,,,,,,,,,,,,,,,,,,,,,,,,,,,,,,,,,,,,,,,,,,,,,,,,,,,,,,,,,,,,,,,,,,,,,,,,,,,,,,,,,,,,,,,,,,,,,,,,,,,,,,,,,,,,,,,
,,,,,,,,,,,,,,,,,,,,,,,,,,,,,,,,,,,,,,,,,,,,,,,,,,,,,,,,,,,,,,,,,,,,,,,,,,,,,,,,,,,,,,,,,,,,,,,,,,,,,,,,,,,,,,,,,,,,,,,,,,,,,,,,,,,,,,,,,,,,,,,,,,,,,,,,,,,,,,,,
8/    Denotes series break.  Series IV for June 2003 through May 2004 are based on the end-June 2003 annual survey. Series III for June 2002,,,,,,,,,,,,,,,,,,,,,,,,,,,,,,,,,,,,,,,,,,,,,,,,,,,,,,,,,,,,,,,,,,,,,,,,,,,,,,,,,,,,,,,,,,,,,,,,,,,,,,,,,,,,,,,,,,,,,,,,,,,,,,,,,,,,,,,,,,,,,,,,,,,,,,,,,,,,,,,,
       through May 2003 are based on the end-June 2002 annual survey. The Series III estimate for June 2003 is shown for comparison only.,,,,,,,,,,,,,,,,,,,,,,,,,,,,,,,,,,,,,,,,,,,,,,,,,,,,,,,,,,,,,,,,,,,,,,,,,,,,,,,,,,,,,,,,,,,,,,,,,,,,,,,,,,,,,,,,,,,,,,,,,,,,,,,,,,,,,,,,,,,,,,,,,,,,,,,,,,,,,,,,
,,,,,,,,,,,,,,,,,,,,,,,,,,,,,,,,,,,,,,,,,,,,,,,,,,,,,,,,,,,,,,,,,,,,,,,,,,,,,,,,,,,,,,,,,,,,,,,,,,,,,,,,,,,,,,,,,,,,,,,,,,,,,,,,,,,,,,,,,,,,,,,,,,,,,,,,,,,,,,,,
9/    Denotes series break.  Series V for June 2004 through May 2005 are based on the end-June 2004 annual survey (as revised April 2006).,,,,,,,,,,,,,,,,,,,,,,,,,,,,,,,,,,,,,,,,,,,,,,,,,,,,,,,,,,,,,,,,,,,,,,,,,,,,,,,,,,,,,,,,,,,,,,,,,,,,,,,,,,,,,,,,,,,,,,,,,,,,,,,,,,,,,,,,,,,,,,,,,,,,,,,,,,,,,,,,
       Series IV for June 2003 through May 2004 are based on the end-June 2003 annual survey.,,,,,,,,,,,,,,,,,,,,,,,,,,,,,,,,,,,,,,,,,,,,,,,,,,,,,,,,,,,,,,,,,,,,,,,,,,,,,,,,,,,,,,,,,,,,,,,,,,,,,,,,,,,,,,,,,,,,,,,,,,,,,,,,,,,,,,,,,,,,,,,,,,,,,,,,,,,,,,,,
       The Series IV estimate for June 2004 is shown for comparison only.,,,,,,,,,,,,,,,,,,,,,,,,,,,,,,,,,,,,,,,,,,,,,,,,,,,,,,,,,,,,,,,,,,,,,,,,,,,,,,,,,,,,,,,,,,,,,,,,,,,,,,,,,,,,,,,,,,,,,,,,,,,,,,,,,,,,,,,,,,,,,,,,,,,,,,,,,,,,,,,,
,,,,,,,,,,,,,,,,,,,,,,,,,,,,,,,,,,,,,,,,,,,,,,,,,,,,,,,,,,,,,,,,,,,,,,,,,,,,,,,,,,,,,,,,,,,,,,,,,,,,,,,,,,,,,,,,,,,,,,,,,,,,,,,,,,,,,,,,,,,,,,,,,,,,,,,,,,,,,,,,
10/   Denotes series break.  Series VI for June 2005 through May 2006 are based on the end-June 2005 annual survey. Series V for June 2004 through,,,,,,,,,,,,,,,,,,,,,,,,,,,,,,,,,,,,,,,,,,,,,,,,,,,,,,,,,,,,,,,,,,,,,,,,,,,,,,,,,,,,,,,,,,,,,,,,,,,,,,,,,,,,,,,,,,,,,,,,,,,,,,,,,,,,,,,,,,,,,,,,,,,,,,,,,,,,,,,,
       May 2005 are based on the end-June 2004 annual survey (revised April 2006). Series V estimate for June 2005 is shown for comparison only.,,,,,,,,,,,,,,,,,,,,,,,,,,,,,,,,,,,,,,,,,,,,,,,,,,,,,,,,,,,,,,,,,,,,,,,,,,,,,,,,,,,,,,,,,,,,,,,,,,,,,,,,,,,,,,,,,,,,,,,,,,,,,,,,,,,,,,,,,,,,,,,,,,,,,,,,,,,,,,,,
,,,,,,,,,,,,,,,,,,,,,,,,,,,,,,,,,,,,,,,,,,,,,,,,,,,,,,,,,,,,,,,,,,,,,,,,,,,,,,,,,,,,,,,,,,,,,,,,,,,,,,,,,,,,,,,,,,,,,,,,,,,,,,,,,,,,,,,,,,,,,,,,,,,,,,,,,,,,,,,,
11/   Denotes series break.  Series VII for June 2006 through May 2007 are based on the end-June 2006 annual survey. Series VI for June 2005,,,,,,,,,,,,,,,,,,,,,,,,,,,,,,,,,,,,,,,,,,,,,,,,,,,,,,,,,,,,,,,,,,,,,,,,,,,,,,,,,,,,,,,,,,,,,,,,,,,,,,,,,,,,,,,,,,,,,,,,,,,,,,,,,,,,,,,,,,,,,,,,,,,,,,,,,,,,,,,,
       through May 2006 are based on the end-June 2005 annual survey. The Series VI estimate for June 2006 is shown for comparison only.,,,,,,,,,,,,,,,,,,,,,,,,,,,,,,,,,,,,,,,,,,,,,,,,,,,,,,,,,,,,,,,,,,,,,,,,,,,,,,,,,,,,,,,,,,,,,,,,,,,,,,,,,,,,,,,,,,,,,,,,,,,,,,,,,,,,,,,,,,,,,,,,,,,,,,,,,,,,,,,,
,,,,,,,,,,,,,,,,,,,,,,,,,,,,,,,,,,,,,,,,,,,,,,,,,,,,,,,,,,,,,,,,,,,,,,,,,,,,,,,,,,,,,,,,,,,,,,,,,,,,,,,,,,,,,,,,,,,,,,,,,,,,,,,,,,,,,,,,,,,,,,,,,,,,,,,,,,,,,,,,
12/   Denotes series break.  Series VIII for June 2007 through May 2008 are based on the end-June 2007 annual survey. Series VII for June 2006,,,,,,,,,,,,,,,,,,,,,,,,,,,,,,,,,,,,,,,,,,,,,,,,,,,,,,,,,,,,,,,,,,,,,,,,,,,,,,,,,,,,,,,,,,,,,,,,,,,,,,,,,,,,,,,,,,,,,,,,,,,,,,,,,,,,,,,,,,,,,,,,,,,,,,,,,,,,,,,,
       through May 2007 are based on the end-June 2006 annual survey. The Series VII estimate for June 2007 is shown for comparison only.,,,,,,,,,,,,,,,,,,,,,,,,,,,,,,,,,,,,,,,,,,,,,,,,,,,,,,,,,,,,,,,,,,,,,,,,,,,,,,,,,,,,,,,,,,,,,,,,,,,,,,,,,,,,,,,,,,,,,,,,,,,,,,,,,,,,,,,,,,,,,,,,,,,,,,,,,,,,,,,,
,,,,,,,,,,,,,,,,,,,,,,,,,,,,,,,,,,,,,,,,,,,,,,,,,,,,,,,,,,,,,,,,,,,,,,,,,,,,,,,,,,,,,,,,,,,,,,,,,,,,,,,,,,,,,,,,,,,,,,,,,,,,,,,,,,,,,,,,,,,,,,,,,,,,,,,,,,,,,,,,
13/   Denotes series break.  Series IX for June 2008 through May 2009 are based on the end-June 2008 annual survey. Series VIII for June 2007,,,,,,,,,,,,,,,,,,,,,,,,,,,,,,,,,,,,,,,,,,,,,,,,,,,,,,,,,,,,,,,,,,,,,,,,,,,,,,,,,,,,,,,,,,,,,,,,,,,,,,,,,,,,,,,,,,,,,,,,,,,,,,,,,,,,,,,,,,,,,,,,,,,,,,,,,,,,,,,,
       through May 2008 are based on the end-June 2007 annual survey. The Series VIII estimate for June 2008 is shown for comparison only.,,,,,,,,,,,,,,,,,,,,,,,,,,,,,,,,,,,,,,,,,,,,,,,,,,,,,,,,,,,,,,,,,,,,,,,,,,,,,,,,,,,,,,,,,,,,,,,,,,,,,,,,,,,,,,,,,,,,,,,,,,,,,,,,,,,,,,,,,,,,,,,,,,,,,,,,,,,,,,,,
,,,,,,,,,,,,,,,,,,,,,,,,,,,,,,,,,,,,,,,,,,,,,,,,,,,,,,,,,,,,,,,,,,,,,,,,,,,,,,,,,,,,,,,,,,,,,,,,,,,,,,,,,,,,,,,,,,,,,,,,,,,,,,,,,,,,,,,,,,,,,,,,,,,,,,,,,,,,,,,,
14/   Denotes series break.  Series X for June 2009 through May 2010 are based on the end-June 2009 annual survey. Series IX for June 2008,,,,,,,,,,,,,,,,,,,,,,,,,,,,,,,,,,,,,,,,,,,,,,,,,,,,,,,,,,,,,,,,,,,,,,,,,,,,,,,,,,,,,,,,,,,,,,,,,,,,,,,,,,,,,,,,,,,,,,,,,,,,,,,,,,,,,,,,,,,,,,,,,,,,,,,,,,,,,,,,
       through May 2009 are based on the end-June 2008 annual survey. The Series IX estimate for June 2009 is shown for comparison only.,,,,,,,,,,,,,,,,,,,,,,,,,,,,,,,,,,,,,,,,,,,,,,,,,,,,,,,,,,,,,,,,,,,,,,,,,,,,,,,,,,,,,,,,,,,,,,,,,,,,,,,,,,,,,,,,,,,,,,,,,,,,,,,,,,,,,,,,,,,,,,,,,,,,,,,,,,,,,,,,
,,,,,,,,,,,,,,,,,,,,,,,,,,,,,,,,,,,,,,,,,,,,,,,,,,,,,,,,,,,,,,,,,,,,,,,,,,,,,,,,,,,,,,,,,,,,,,,,,,,,,,,,,,,,,,,,,,,,,,,,,,,,,,,,,,,,,,,,,,,,,,,,,,,,,,,,,,,,,,,,
15/   Denotes series break.  Series XI for June 2010 and subsequent months are based on the end-June 2010 annual survey. Series X for June 2009,,,,,,,,,,,,,,,,,,,,,,,,,,,,,,,,,,,,,,,,,,,,,,,,,,,,,,,,,,,,,,,,,,,,,,,,,,,,,,,,,,,,,,,,,,,,,,,,,,,,,,,,,,,,,,,,,,,,,,,,,,,,,,,,,,,,,,,,,,,,,,,,,,,,,,,,,,,,,,,,
       through May 2010 are based on the end-June 2009 annual survey. The Series X estimate for June 2010 is shown for comparison only.,,,,,,,,,,,,,,,,,,,,,,,,,,,,,,,,,,,,,,,,,,,,,,,,,,,,,,,,,,,,,,,,,,,,,,,,,,,,,,,,,,,,,,,,,,,,,,,,,,,,,,,,,,,,,,,,,,,,,,,,,,,,,,,,,,,,,,,,,,,,,,,,,,,,,,,,,,,,,,,,
,,,,,,,,,,,,,,,,,,,,,,,,,,,,,,,,,,,,,,,,,,,,,,,,,,,,,,,,,,,,,,,,,,,,,,,,,,,,,,,,,,,,,,,,,,,,,,,,,,,,,,,,,,,,,,,,,,,,,,,,,,,,,,,,,,,,,,,,,,,,,,,,,,,,,,,,,,,,,,,,
16/   Denotes series break.  Series XII for June 2011 and subsequent months are based on the end-June 2011 annual survey. Series XI for June 2010,,,,,,,,,,,,,,,,,,,,,,,,,,,,,,,,,,,,,,,,,,,,,,,,,,,,,,,,,,,,,,,,,,,,,,,,,,,,,,,,,,,,,,,,,,,,,,,,,,,,,,,,,,,,,,,,,,,,,,,,,,,,,,,,,,,,,,,,,,,,,,,,,,,,,,,,,,,,,,,,
       through May 2011 are based on the end-June 2010 annual survey. The Series XI estimate for June 2011 is shown for comparison only.,,,,,,,,,,,,,,,,,,,,,,,,,,,,,,,,,,,,,,,,,,,,,,,,,,,,,,,,,,,,,,,,,,,,,,,,,,,,,,,,,,,,,,,,,,,,,,,,,,,,,,,,,,,,,,,,,,,,,,,,,,,,,,,,,,,,,,,,,,,,,,,,,,,,,,,,,,,,,,,,